,Proventos,Código ISIN,Deliberado em,Negócios com até,Valor (R$),Relativo a,Início de Pagamento,Observações
0,JRS CAP PROPRIO,BRBBASA04OR8,24/02/2021,11/03/2021,14571426020,1º Trimestre/2021,31/03/2021,
1,JRS CAP PROPRIO,BRBBASA05OR5,24/02/2021,11/03/2021,14571426020,1º Trimestre/2021,31/03/2021,
2,JRS CAP PROPRIO,BRBBASACNOR3,24/02/2021,11/03/2021,14571426020,1º Trimestre/2021,31/03/2021,
3,JRS CAP PROPRIO,BRBBASA04OR8,08/02/2021,22/02/2021,43453097234,4º TRIMESTRE/2020,03/03/2021,
4,RENDIMENTO,BRBBASA04OR8,08/02/2021,22/02/2021,133264952,4º TRIMESTRE/2020,03/03/2021,
5,JRS CAP PROPRIO,BRBBASA05OR5,08/02/2021,22/02/2021,43453097234,4º TRIMESTRE/2020,03/03/2021,
6,RENDIMENTO,BRBBASA05OR5,08/02/2021,22/02/2021,133264952,4º TRIMESTRE/2020,03/03/2021,
7,JRS CAP PROPRIO,BRBBASACNOR3,08/02/2021,22/02/2021,43453097234,4º TRIMESTRE/2020,03/03/2021,
8,RENDIMENTO,BRBBASACNOR3,08/02/2021,22/02/2021,133264952,4º TRIMESTRE/2020,03/03/2021,
9,JRS CAP PROPRIO,BRBBASA04OR8,25/11/2020,11/12/2020,11698470002,4º Trimestre/2020,30/12/2020,
10,JRS CAP PROPRIO,BRBBASA05OR5,25/11/2020,11/12/2020,11698470002,4º Trimestre/2020,30/12/2020,
11,JRS CAP PROPRIO,BRBBASACNOR3,25/11/2020,11/12/2020,11698470002,4º Trimestre/2020,30/12/2020,
12,JRS CAP PROPRIO,BRBBASA04OR8,03/11/2020,16/11/2020,19477374027,3º Trimestre/2020,27/11/2020,
13,JRS CAP PROPRIO,BRBBASA05OR5,03/11/2020,16/11/2020,19477374027,3º Trimestre/2020,27/11/2020,
14,JRS CAP PROPRIO,BRBBASACNOR3,03/11/2020,16/11/2020,19477374027,3º Trimestre/2020,27/11/2020,
15,JRS CAP PROPRIO,BRBBASA04OR8,24/08/2020,11/09/2020,10286281871,3º Trimestre/2020,30/09/2020,
16,JRS CAP PROPRIO,BRBBASA05OR5,24/08/2020,11/09/2020,10286281871,3º Trimestre/2020,30/09/2020,
17,JRS CAP PROPRIO,BRBBASACNOR3,24/08/2020,11/09/2020,10286281871,3º Trimestre/2020,30/09/2020,
18,JRS CAP PROPRIO,BRBBASA04OR8,06/08/2020,21/08/2020,44061982023,1º SEMESTRE/2020,31/08/2020,
19,RENDIMENTO,BRBBASA04OR8,06/08/2020,21/08/2020,156650537,1º SEMESTRE/2020,31/08/2020,
20,JRS CAP PROPRIO,BRBBASA05OR5,06/08/2020,21/08/2020,44061982023,1º SEMESTRE/2020,31/08/2020,
21,RENDIMENTO,BRBBASA05OR5,06/08/2020,21/08/2020,156650537,1º SEMESTRE/2020,31/08/2020,
22,JRS CAP PROPRIO,BRBBASACNOR3,06/08/2020,21/08/2020,44061982023,1º semestre/2020,31/08/2020,
23,RENDIMENTO,BRBBASACNOR3,06/08/2020,21/08/2020,156650537,1º SEMESTRE/2020,31/08/2020,
24,DIVIDENDO,BRBBASA04OR8,11/08/2015,21/08/2015,1397633823,2015,01/09/2015,
25,DIVIDENDO,BRBBASA05OR5,11/08/2015,21/08/2015,1397633823,2015,01/09/2015,
26,DIVIDENDO,BRBBASACNOR3,11/08/2015,21/08/2015,1397633823,2015,01/09/2015,
