,Proventos,Código ISIN,Deliberado em,Negócios com até,% / Fator de Grupamento,Ativo Emitido,Observações
0,DESDOBRAMENTO,BRBBASACNOR3,25/04/2007,01/06/2007,200.0,BRBBASACNOR3,
1,GRUPAMENTO,BRBBASACNOR3,12/11/2003,23/01/2004,0.001,BRBBASACNOR3,
2,GRUPAMENTO,BRBBASN01OR7,12/11/2003,23/01/2004,0.001,BRBBASN01OR7,
3,GRUPAMENTO,BRBBASN02OR5,12/11/2003,23/01/2004,0.001,BRBBASN02OR5,
4,BONIFICACAO,BRBBASA0NOR9,17/06/1996,17/06/1996,20.0,,
5,BONIFICACAO,BRBBASA0NOR9,17/06/1996,17/06/1996,30.0,,
6,BONIFICACAO,BRBBASA0NOR9,17/06/1996,17/06/1996,50.0,,
7,BONIFICACAO,BRBBASA0NPR6,17/06/1996,17/06/1996,20.0,,
8,BONIFICACAO,BRBBASA0NPR6,17/06/1996,17/06/1996,30.0,,
9,BONIFICACAO,BRBBASA0NPR6,17/06/1996,17/06/1996,50.0,,
10,BONIFICACAO,BRBBASACNOR3,17/06/1996,17/06/1996,20.0,,
11,BONIFICACAO,BRBBASACNOR3,17/06/1996,17/06/1996,30.0,,
12,BONIFICACAO,BRBBASACNOR3,17/06/1996,17/06/1996,50.0,,
13,BONIFICACAO,BRBBASACNPR0,17/06/1996,17/06/1996,20.0,,
14,BONIFICACAO,BRBBASACNPR0,17/06/1996,17/06/1996,30.0,,
15,BONIFICACAO,BRBBASACNPR0,17/06/1996,17/06/1996,50.0,,
