,Proventos,Código ISIN,Deliberado em,Negócios com até,% / Fator de Grupamento,Ativo Emitido,Observações
0,BONIFICACAO,BRALPAACNOR0,20/03/2019,20/03/2019,25.0,BRALPAACNOR0,
1,BONIFICACAO,BRALPAACNPR7,20/03/2019,20/03/2019,25.0,BRALPAACNPR7,
2,DESDOBRAMENTO,BRALPAACNOR0,24/02/2010,24/02/2010,1900.0,BRALPAACNOR0,
3,DESDOBRAMENTO,BRALPAACNPR7,24/02/2010,24/02/2010,1900.0,BRALPAACNPR7,
4,GRUPAMENTO,BRALPAACNOR0,01/04/2005,08/06/2005,0.01,BRALPAACNOR0,
5,GRUPAMENTO,BRALPAACNPR7,01/04/2005,08/06/2005,0.01,BRALPAACNPR7,
