,Proventos,Código ISIN,Deliberado em,Negócios com até,% / Fator de Grupamento,Ativo Emitido,Observações
0,BONIFICACAO,BRSLEDACNOR0,06/01/2006,06/01/2006,10.0,BRSLEDACNPR7,
1,BONIFICACAO,BRSLEDACNPR7,06/01/2006,06/01/2006,10.0,BRSLEDACNPR7,
2,DESDOBRAMENTO,BRSLEDACNOR0,02/12/1996,02/12/1996,37400.0,BRSLEDACNOR0,
3,DESDOBRAMENTO,BRSLEDACNPR7,02/12/1996,02/12/1996,37400.0,BRSLEDACNPR7,
4,GRUPAMENTO,BRSLEDACNOR0,30/04/1987,27/05/1988,1.0,BRSLEDACNOR0,
5,GRUPAMENTO,BRSLEDACNPR7,30/04/1987,27/05/1988,1.0,BRSLEDACNPR7,
6,GRUPAMENTO,BRSLEDACPOR5,30/04/1987,27/05/1988,0.001,BRSLEDACPOR5,
7,GRUPAMENTO,BRSLEDACPPR2,30/04/1987,27/05/1988,0.001,BRSLEDACPPR2,
