,Proventos,Código ISIN,Deliberado em,Negócios com até,% / Fator de Grupamento,Ativo Emitido,Observações
0,GRUPAMENTO,BRSONDACNOR5,27/04/2007,27/04/2007,0.0002,BRSONDACNOR5,
1,GRUPAMENTO,BRSONDACNPA8,27/04/2007,27/04/2007,0.0002,BRSONDACNPA8,
2,GRUPAMENTO,BRSONDACNPB6,27/04/2007,27/04/2007,0.0002,BRSONDACNPB6,
3,BONIFICACAO,BRSONDACNOR5,29/04/1997,29/04/1997,5.99621,BRSONDACNOR5,
4,DESDOBRAMENTO,BRSONDACNOR5,29/04/1997,29/04/1997,100.0,BRSONDACNOR5,
5,BONIFICACAO,BRSONDACNPA8,29/04/1997,29/04/1997,5.99621,BRSONDACNPA8,
6,DESDOBRAMENTO,BRSONDACNPA8,29/04/1997,29/04/1997,100.0,BRSONDACNPA8,
7,BONIFICACAO,BRSONDACNPB6,29/04/1997,29/04/1997,5.99621,BRSONDACNPB6,
8,DESDOBRAMENTO,BRSONDACNPB6,29/04/1997,29/04/1997,100.0,BRSONDACNPB6,
