,Proventos,Código ISIN,Deliberado em,Negócios com até,Valor (R$),Relativo a,Início de Pagamento,Observações
0,DIVIDENDO,BRSONDACNOR5,30/04/2020,30/04/2020,83738479088,ANUAL/2019,31/08/2020,
1,DIVIDENDO,BRSONDACNPA8,30/04/2020,30/04/2020,92112326997,ANUAL/2019,31/08/2020,
2,DIVIDENDO,BRSONDACNPB6,30/04/2020,30/04/2020,92112326997,ANUAL/2019,31/08/2020,
3,JRS CAP PROPRIO,BRSONDACNOR5,18/12/2014,29/12/2014,115887388328,2014,16/03/2015,
4,JRS CAP PROPRIO,BRSONDACNPA8,18/12/2014,29/12/2014,127476127161,2014,16/03/2015,
5,JRS CAP PROPRIO,BRSONDACNPB6,18/12/2014,29/12/2014,127476127161,2014,16/03/2015,
