,Subscrição,Código ISIN,Deliberado em,Negócios com até,%,Ativo Emitido,Preço Emissão (R$),Negociação de Direitos,Subscrição até,Observações
0,SUBSCRICAO,BRSONDACPOR0,30/04/1980,31/07/1980,2000000000000,BRSONDACPOR0,200000000000,01/01/1900 a 01/01/1900,31/07/1980,
1,SUBSCRICAO,BRSONDACPPR7,30/04/1980,31/07/1980,2000000000000,BRSONDACPPR7,200000000000,01/01/1900 a 01/01/1900,31/07/1980,
2,SUBSCRICAO,BRSONDACNOR5,30/04/1980,30/06/1980,2000000000000,BRSONDACNOR5,200000000000,01/01/1900 a 01/01/1900,31/12/9999,
3,SUBSCRICAO,BRSONDACNPR2,30/04/1980,30/06/1980,2000000000000,BRSONDACNPR2,200000000000,01/01/1900 a 01/01/1900,31/12/9999,
