,Proventos,Código ISIN,Deliberado em,Negócios com até,% / Fator de Grupamento,Ativo Emitido,Observações
0,GRUPAMENTO,BRTCNOACNOR5,20/04/2016,20/04/2016,0.06666666667,BRTCNOACNOR5,
1,GRUPAMENTO,BRTCNOACNPR2,20/04/2016,20/04/2016,0.06666666667,BRTCNOACNPR2,
2,DESDOBRAMENTO,BRTCNOACNOR5,28/04/2008,28/04/2008,9900.0,BRTCNOACNOR5,
3,DESDOBRAMENTO,BRTCNOACNPR2,28/04/2008,28/04/2008,9900.0,BRTCNOACNPR2,
4,BONIFICACAO,BRTCNOACNOR5,29/04/1992,29/04/1992,300.0,BRTCNOACNOR5,
5,BONIFICACAO,BRTCNOACNPR2,29/04/1992,29/04/1992,300.0,BRTCNOACNPR2,
