,Proventos,Código ISIN,Deliberado em,Negócios com até,Valor (R$),Relativo a,Início de Pagamento,Observações
0,DIVIDENDO,BRTCNOACNOR5,30/04/2015,05/05/2015,88112500,2014,31/08/2015,
1,DIVIDENDO,BRTCNOACNOR5,30/04/2015,05/05/2015,88112500,2014,31/08/2015,
2,DIVIDENDO,BRTCNOACNOR5,30/04/2015,05/05/2015,88112500,2014,30/09/2015,
3,DIVIDENDO,BRTCNOACNOR5,30/04/2015,05/05/2015,88112500,2014,13/11/2015,
4,DIVIDENDO,BRTCNOACNOR5,30/04/2015,05/05/2015,88112500,2014,15/12/2015,
5,DIVIDENDO,BRTCNOACNOR5,30/04/2015,05/05/2015,88112500,2014,30/12/2015,
6,DIVIDENDO,BRTCNOACNOR5,30/04/2015,05/05/2015,88112500,2014,30/12/2015,
7,DIVIDENDO,BRTCNOACNOR5,30/04/2015,05/05/2015,88112500,2014,30/12/2015,
8,DIVIDENDO,BRTCNOACNPR2,30/04/2015,05/05/2015,88112500,2014,31/08/2015,
9,DIVIDENDO,BRTCNOACNPR2,30/04/2015,05/05/2015,88112500,2014,31/08/2015,
10,DIVIDENDO,BRTCNOACNPR2,30/04/2015,05/05/2015,88112500,2014,30/09/2015,
11,DIVIDENDO,BRTCNOACNPR2,30/04/2015,05/05/2015,88112500,2014,13/11/2015,
12,DIVIDENDO,BRTCNOACNPR2,30/04/2015,05/05/2015,88112500,2014,15/12/2015,
13,DIVIDENDO,BRTCNOACNPR2,30/04/2015,05/05/2015,88112500,2014,30/12/2015,
14,DIVIDENDO,BRTCNOACNPR2,30/04/2015,05/05/2015,88112500,2014,30/12/2015,
15,DIVIDENDO,BRTCNOACNPR2,30/04/2015,05/05/2015,88112500,2014,30/12/2015,
