,Proventos,Código ISIN,Deliberado em,Negócios com até,% / Fator de Grupamento,Ativo Emitido,Observações
0,BONIFICACAO,BRBGIPACNOR1,22/04/2014,09/09/2014,45.0,BRBGIPACNOR1,
1,BONIFICACAO,BRBGIPACNPR8,22/04/2014,09/09/2014,45.0,BRBGIPACNPR8,
2,GRUPAMENTO,BRBGIPACNOR1,28/06/2007,07/12/2007,0.02,BRBGIPACNOR1,
3,GRUPAMENTO,BRBGIPACNPR8,28/06/2007,07/12/2007,0.02,BRBGIPACNPR8,
4,DESDOBRAMENTO,BRBGIPACNOR1,28/07/1997,28/07/1997,150.0,BRBGIPACNOR1,
5,DESDOBRAMENTO,BRBGIPACNPR8,28/07/1997,28/07/1997,150.0,BRBGIPACNPR8,
