,Proventos,Código ISIN,Deliberado em,Negócios com até,% / Fator de Grupamento,Ativo Emitido,Observações
0,GRUPAMENTO,BRTEKAACNOR6,10/12/2015,26/01/2016,0.01,BRTEKAACNOR6,
1,GRUPAMENTO,BRTEKAACNPR3,10/12/2015,26/01/2016,0.01,BRTEKAACNPR3,
2,BONIFICACAO,BRTEKAA0POR9,21/04/1988,03/05/1988,60.0,BRTEKAA0POR9,
3,BONIFICACAO,BRTEKAA0PPR6,21/04/1988,03/05/1988,60.0,BRTEKAA0PPR6,
4,BONIFICACAO,BRTEKAACPOR1,21/04/1988,03/05/1988,60.0,BRTEKAACPOR1,
5,BONIFICACAO,BRTEKAACPPR8,21/04/1988,03/05/1988,60.0,BRTEKAACPPR8,
