,Proventos,Código ISIN,Deliberado em,Negócios com até,Valor (R$),Relativo a,Início de Pagamento,Observações
0,DIVIDENDO,BRTELBR01PR4,14/04/1998,15/04/1998,24690000000,1990,29/05/1998,
1,DIVIDENDO,BRTELBR01PR4,14/04/1998,15/04/1998,29800000000,1991,29/05/1998,
2,DIVIDENDO,BRTELBR01PR4,14/04/1998,15/04/1998,222200000000,1992,29/05/1998,
3,DIVIDENDO,BRTELBR01PR4,14/04/1998,15/04/1998,41200000000,1993,29/05/1998,
4,DIVIDENDO,BRTELBR01PR4,14/04/1998,15/04/1998,41584000000,1994,29/05/1998,
5,DIVIDENDO,BRTELBR01PR4,14/04/1998,15/04/1998,189503000000,1995,29/05/1998,
6,DIVIDENDO,BRTELBR01PR4,14/04/1998,15/04/1998,211357000000,1996,29/05/1998,
7,DIVIDENDO,BRTELBR01PR4,14/04/1998,15/04/1998,192904000000,1997,29/05/1998,
8,REST CAP DIN,BRTELBR01PR4,14/04/1998,15/04/1998,14330200000,1997,31/12/9999,
9,JRS CAP PROPRIO,BRTELBACNOR2,07/04/1998,07/04/1998,226717500000,1997,29/05/1998,
10,JRS CAP PROPRIO,BRTELBACNPR9,07/04/1998,07/04/1998,226717500000,1997,29/05/1998,
