,Proventos,Código ISIN,Deliberado em,Negócios com até,% / Fator de Grupamento,Ativo Emitido,Observações
0,GRUPAMENTO,BRTELBACNOR2,02/03/2016,01/04/2016,0.1,BRTELBACNOR2,
1,GRUPAMENTO,BRTELBACNPR9,02/03/2016,01/04/2016,0.1,BRTELBACNPR9,
2,CIS RED CAP,BRTELBACNOR2,22/05/1998,18/09/1998,100.0,BRTMCPACNOR4,
3,CIS RED CAP,BRTELBACNOR2,22/05/1998,18/09/1998,100.0,BRTSPPACNOR3,
4,CIS RED CAP,BRTELBACNOR2,22/05/1998,18/09/1998,100.0,BRTLPPACNOR8,
5,CIS RED CAP,BRTELBACNOR2,22/05/1998,18/09/1998,100.0,BRTELBACNOR2,
6,CIS RED CAP,BRTELBACNOR2,22/05/1998,18/09/1998,100.0,BREBTPACNOR3,
7,CIS RED CAP,BRTELBACNOR2,22/05/1998,18/09/1998,100.0,BRTCSLACNOR0,
8,CIS RED CAP,BRTELBACNOR2,22/05/1998,18/09/1998,100.0,BRTCOCACNOR8,
9,CIS RED CAP,BRTELBACNOR2,22/05/1998,18/09/1998,100.0,BRTCSPACNOR1,
10,CIS RED CAP,BRTELBACNOR2,22/05/1998,18/09/1998,100.0,BRTLCPACNOR6,
11,CIS RED CAP,BRTELBACNOR2,22/05/1998,18/09/1998,100.0,BRTNEPACNOR8,
12,CIS RED CAP,BRTELBACNOR2,22/05/1998,18/09/1998,100.0,BRTNCPACNOR2,
13,CIS RED CAP,BRTELBACNOR2,22/05/1998,18/09/1998,100.0,BRTNLPACNOR3,
14,CIS RED CAP,BRTELBACNOR2,22/05/1998,18/09/1998,100.0,BRTSEPACNOR7,
15,CIS RED CAP,BRTELBACNPR9,22/05/1998,18/09/1998,100.0,BRTMCPACNPR1,
16,CIS RED CAP,BRTELBACNPR9,22/05/1998,18/09/1998,100.0,BRTSPPACNPR0,
17,CIS RED CAP,BRTELBACNPR9,22/05/1998,18/09/1998,100.0,BRTLPPACNPR5,
18,CIS RED CAP,BRTELBACNPR9,22/05/1998,18/09/1998,100.0,BRTELBACNPR9,
19,CIS RED CAP,BRTELBACNPR9,22/05/1998,18/09/1998,100.0,BREBTPACNPR0,
20,CIS RED CAP,BRTELBACNPR9,22/05/1998,18/09/1998,100.0,BRTCSLACNPR7,
21,CIS RED CAP,BRTELBACNPR9,22/05/1998,18/09/1998,100.0,BRTCOCACNPR5,
22,CIS RED CAP,BRTELBACNPR9,22/05/1998,18/09/1998,100.0,BRTCSPACNPR8,
23,CIS RED CAP,BRTELBACNPR9,22/05/1998,18/09/1998,100.0,BRTLCPACNPR3,
24,CIS RED CAP,BRTELBACNPR9,22/05/1998,18/09/1998,100.0,BRTNEPACNPR5,
25,CIS RED CAP,BRTELBACNPR9,22/05/1998,18/09/1998,100.0,BRTNCPACNPR9,
26,CIS RED CAP,BRTELBACNPR9,22/05/1998,18/09/1998,100.0,BRTNLPACNPR0,
27,CIS RED CAP,BRTELBACNPR9,22/05/1998,18/09/1998,100.0,BRTSEPACNPR4,
28,BONIFICACAO,BRTELBACPOR7,23/03/1990,11/06/1990,100.0,BRTELBACNOR2,
29,BONIFICACAO,BRTELBACPPR4,23/03/1990,11/06/1990,100.0,BRTELBACNPR9,
