,Proventos,Código ISIN,Deliberado em,Negócios com até,% / Fator de Grupamento,Ativo Emitido,Observações
0,GRUPAMENTO,BROIBRACNOR1,18/11/2014,19/12/2014,0.1,BROIBRACNOR1,
1,GRUPAMENTO,BROIBRACNPR8,18/11/2014,19/12/2014,0.1,BROIBRACNPR8,
2,BONIFICACAO,BROIBRACNOR1,21/03/2013,21/03/2013,100.0,BROIBRARNPB0,
3,BONIFICACAO,BROIBRACNPR8,21/03/2013,21/03/2013,100.0,BROIBRARNPC8,
4,RESG TOTAL RV,BROIBRARNPB0,21/03/2013,21/03/2013,100.0,,
5,RESG TOTAL RV,BROIBRARNPC8,21/03/2013,21/03/2013,100.0,,
