,Proventos,Código ISIN,Deliberado em,Negócios com até,Valor (R$),Relativo a,Início de Pagamento,Observações
0,JRS CAP PROPRIO,BRBEESACNOR9,25/01/2021,26/02/2021,1899257916,Mensal/2021,01/04/2021,
1,JRS CAP PROPRIO,BRBEESACNPR6,25/01/2021,26/02/2021,1899257916,Mensal/2021,01/04/2021,
2,JRS CAP PROPRIO,BRBEESACNOR9,25/01/2021,29/01/2021,1899257916,Mensal/2021,01/03/2021,
3,JRS CAP PROPRIO,BRBEESACNPR6,25/01/2021,29/01/2021,1899257916,Mensal/2021,01/03/2021,
4,JRS CAP PROPRIO,BRBEESACNOR9,24/08/2020,30/12/2020,949628958,Mensal/2020,01/02/2021,
5,JRS CAP PROPRIO,BRBEESACNPR6,24/08/2020,30/12/2020,949628958,Mensal/2020,01/02/2021,
6,JRS CAP PROPRIO,BRBEESACNOR9,24/08/2020,30/11/2020,949628958,Mensal/2020,04/01/2021,
7,JRS CAP PROPRIO,BRBEESACNPR6,24/08/2020,30/11/2020,949628958,Mensal/2020,04/01/2021,
8,JRS CAP PROPRIO,BRBEESACNOR9,24/08/2020,30/10/2020,949628958,Mensal/2020,01/12/2020,
9,JRS CAP PROPRIO,BRBEESACNPR6,24/08/2020,30/10/2020,949628958,Mensal/2020,01/12/2020,
10,JRS CAP PROPRIO,BRBEESACNOR9,24/08/2020,30/09/2020,949628958,Mensal/2020,03/11/2020,
11,JRS CAP PROPRIO,BRBEESACNPR6,24/08/2020,30/09/2020,949628958,Mensal/2020,03/11/2020,
12,JRS CAP PROPRIO,BRBEESACNOR9,24/08/2020,31/08/2020,949628958,Mensal/2020,01/10/2020,
13,JRS CAP PROPRIO,BRBEESACNPR6,24/08/2020,31/08/2020,949628958,Mensal/2020,01/10/2020,
14,DIVIDENDO,BRBEESACNOR9,27/04/2020,07/05/2020,6263789300,Complementar/2019,20/05/2020,
15,JRS CAP PROPRIO,BRBEESACNOR9,27/04/2020,07/05/2020,1743482000,Complementar/2019,20/05/2020,
16,DIVIDENDO,BRBEESACNPR6,27/04/2020,07/05/2020,6263789300,Complementar/2019,20/05/2020,
17,JRS CAP PROPRIO,BRBEESACNPR6,27/04/2020,07/05/2020,1743482000,Complementar/2019,20/05/2020,
18,JRS CAP PROPRIO,BRBEESACNOR9,13/01/2020,30/04/2020,2120838006,Mensal/2020,01/06/2020,
19,JRS CAP PROPRIO,BRBEESACNPR6,13/01/2020,30/04/2020,2120838006,Mensal/2020,01/06/2020,
20,JRS CAP PROPRIO,BRBEESACNOR9,13/01/2020,31/03/2020,2120838006,Mensal/2020,04/05/2020,
21,JRS CAP PROPRIO,BRBEESACNPR6,13/01/2020,31/03/2020,2120838006,Mensal/2020,04/05/2020,
