,Proventos,Código ISIN,Deliberado em,Negócios com até,% / Fator de Grupamento,Ativo Emitido,Observações
0,GRUPAMENTO,BRAZEVACNOR0,08/05/2019,07/06/2019,0.2,BRAZEVACNOR0,
1,GRUPAMENTO,BRAZEVACNPR7,08/05/2019,07/06/2019,0.2,BRAZEVACNPR7,
2,DESDOBRAMENTO,BRAZEVACNOR0,29/04/2011,29/04/2011,99900.0,BRAZEVACNOR0,
3,DESDOBRAMENTO,BRAZEVACNPR7,29/04/2011,29/04/2011,99900.0,BRAZEVACNPR7,
4,BONIFICACAO,BRAZEVACEOR9,30/04/1987,29/05/1987,300.0,BRAZEVACEOR9,
5,BONIFICACAO,BRAZEVACEPR6,30/04/1987,29/05/1987,300.0,BRAZEVACEPR6,
6,BONIFICACAO,BRAZEVACPOR5,30/04/1987,29/05/1987,300.0,BRAZEVACPOR5,
7,BONIFICACAO,BRAZEVACPPR2,30/04/1987,29/05/1987,300.0,BRAZEVACPPR2,
