,Proventos,Código ISIN,Deliberado em,Negócios com até,Valor (R$),Relativo a,Início de Pagamento,Observações
0,JRS CAP PROPRIO,BRAZEVACNOR0,11/12/2015,11/12/2015,641904100,Anual/2015,30/12/2015,
1,JRS CAP PROPRIO,BRAZEVACNOR0,11/12/2015,11/12/2015,641904100,Anual/2015,29/01/2016,
2,JRS CAP PROPRIO,BRAZEVACNOR0,11/12/2015,11/12/2015,641904100,Anual/2015,29/02/2016,
3,JRS CAP PROPRIO,BRAZEVACNOR0,11/12/2015,11/12/2015,641904100,Anual/2015,31/03/2016,
4,JRS CAP PROPRIO,BRAZEVACNOR0,11/12/2015,11/12/2015,641904100,Anual/2015,29/04/2016,
5,JRS CAP PROPRIO,BRAZEVACNOR0,11/12/2015,11/12/2015,641904100,Anual/2015,31/05/2016,
6,JRS CAP PROPRIO,BRAZEVACNOR0,11/12/2015,11/12/2015,641904100,Anual/2015,30/06/2016,
7,JRS CAP PROPRIO,BRAZEVACNOR0,11/12/2015,11/12/2015,641904100,Anual/2015,29/07/2016,
8,JRS CAP PROPRIO,BRAZEVACNOR0,11/12/2015,11/12/2015,641904100,Anual/2015,31/08/2016,
9,JRS CAP PROPRIO,BRAZEVACNOR0,11/12/2015,11/12/2015,641904100,Anual/2015,30/09/2016,
10,JRS CAP PROPRIO,BRAZEVACNOR0,11/12/2015,11/12/2015,641904100,Anual/2015,31/10/2016,
11,JRS CAP PROPRIO,BRAZEVACNOR0,11/12/2015,11/12/2015,641904200,Anual/2015,30/11/2016,
12,JRS CAP PROPRIO,BRAZEVACNPR7,11/12/2015,11/12/2015,641904100,Anual/2015,30/12/2015,
13,JRS CAP PROPRIO,BRAZEVACNPR7,11/12/2015,11/12/2015,641904100,Anual/2015,29/01/2016,
14,JRS CAP PROPRIO,BRAZEVACNPR7,11/12/2015,11/12/2015,641904100,Anual/2015,29/02/2016,
15,JRS CAP PROPRIO,BRAZEVACNPR7,11/12/2015,11/12/2015,641904100,Anual/2015,31/03/2016,
16,JRS CAP PROPRIO,BRAZEVACNPR7,11/12/2015,11/12/2015,641904100,Anual/2015,29/04/2016,
17,JRS CAP PROPRIO,BRAZEVACNPR7,11/12/2015,11/12/2015,641904100,Anual/2015,31/05/2016,
18,JRS CAP PROPRIO,BRAZEVACNPR7,11/12/2015,11/12/2015,641904100,Anual/2015,30/06/2016,
19,JRS CAP PROPRIO,BRAZEVACNPR7,11/12/2015,11/12/2015,641904100,Anual/2015,29/07/2016,
20,JRS CAP PROPRIO,BRAZEVACNPR7,11/12/2015,11/12/2015,641904100,Anual/2015,31/08/2016,
21,JRS CAP PROPRIO,BRAZEVACNPR7,11/12/2015,11/12/2015,641904100,Anual/2015,30/09/2016,
22,JRS CAP PROPRIO,BRAZEVACNPR7,11/12/2015,11/12/2015,641904100,Anual/2015,31/10/2016,
23,JRS CAP PROPRIO,BRAZEVACNPR7,11/12/2015,11/12/2015,641904200,Anual/2015,30/11/2016,
24,DIVIDENDO,BRAZEVACNOR0,30/04/2015,30/04/2015,1863799000,COMPLEMENTARES/2014,30/06/2015,
25,DIVIDENDO,BRAZEVACNPR7,30/04/2015,30/04/2015,1863799000,COMPLEMENTARES/2014,30/06/2015,
