,Subscrição,Código ISIN,Deliberado em,Negócios com até,%,Ativo Emitido,Preço Emissão (R$),Negociação de Direitos,Subscrição até,Observações
0,SUBSCRICAO,BRMWETACNOR6,09/12/1996,13/02/1997,16063800,BRMWETDBM019,94801960000000000,01/01/1900 a 01/01/1900,19/02/1997,
1,SUBSCRICAO,BRMWETACNOR6,09/12/1996,13/02/1997,97411700,BRMWETDBM027,94801960000000000,01/01/1900 a 01/01/1900,19/02/1997,
2,SUBSCRICAO,BRMWETACNPR3,09/12/1996,13/02/1997,16063800,BRMWETDBM019,94801960000000000,01/01/1900 a 01/01/1900,19/02/1997,
3,SUBSCRICAO,BRMWETACNPR3,09/12/1996,13/02/1997,97411700,BRMWETDBM027,94801960000000000,01/01/1900 a 01/01/1900,19/02/1997,
