,Proventos,Código ISIN,Deliberado em,Negócios com até,% / Fator de Grupamento,Ativo Emitido,Observações
0,GRUPAMENTO,BRMWETACNOR6,10/09/2015,10/09/2015,0.1,BRMWETACNOR6,
1,GRUPAMENTO,BRMWETACNPR3,10/09/2015,10/09/2015,0.1,BRMWETACNPR3,
2,DESDOBRAMENTO,BRMWETACNOR6,29/04/2011,29/04/2011,300.0,BRMWETACNOR6,
3,DESDOBRAMENTO,BRMWETACNPR3,29/04/2011,29/04/2011,300.0,BRMWETACNPR3,
4,BONIFICACAO,BRMWETACPOR1,13/09/1985,24/10/1985,500.0,BRMWETACPOR1,
5,BONIFICACAO,BRMWETACPPR8,13/09/1985,24/10/1985,500.0,BRMWETACPPR8,
