,Proventos,Código ISIN,Deliberado em,Negócios com até,Valor (R$),Relativo a,Início de Pagamento,Observações
0,JRS CAP PROPRIO,BRBRSRACNOR3,02/03/2021,05/03/2021,22752085000,1º Trimestre/2021,18/03/2021,
1,JRS CAP PROPRIO,BRBRSRACNPA6,02/03/2021,05/03/2021,22752085000,1º Trimestre/2021,18/03/2021,
2,JRS CAP PROPRIO,BRBRSRACNPB4,02/03/2021,05/03/2021,22752085000,1º Trimestre/2021,18/03/2021,
3,JRS CAP PROPRIO,BRBRSRACNOR3,24/12/2020,30/12/2020,7824449000,4º Trimestre/2020,20/01/2021,
4,JRS CAP PROPRIO,BRBRSRACNPA6,24/12/2020,30/12/2020,7824449000,4º Trimestre/2020,20/01/2021,
5,JRS CAP PROPRIO,BRBRSRACNPB4,24/12/2020,30/12/2020,7824449000,4º Trimestre/2020,20/01/2021,
6,JRS CAP PROPRIO,BRBRSRACNOR3,22/12/2020,29/12/2020,4890281000,4º Trimestre/2020,20/01/2021,
7,JRS CAP PROPRIO,BRBRSRACNPA6,22/12/2020,29/12/2020,4890281000,4º Trimestre/2020,20/01/2021,
8,JRS CAP PROPRIO,BRBRSRACNPB4,22/12/2020,29/12/2020,4890281000,4º Trimestre/2020,20/01/2021,
9,JRS CAP PROPRIO,BRBRSRACNOR3,07/12/2020,10/12/2020,10269590000,4º Trimestre/2020,28/12/2020,
10,JRS CAP PROPRIO,BRBRSRACNPA6,07/12/2020,10/12/2020,10269590000,4º Trimestre/2020,28/12/2020,
11,JRS CAP PROPRIO,BRBRSRACNPB4,07/12/2020,10/12/2020,10269590000,4º Trimestre/2020,28/12/2020,
12,DIVIDENDO,BRBRSRACNOR3,04/06/2020,09/06/2020,18016094000,Complementar/2019,22/06/2020,
13,DIVIDENDO,BRBRSRACNPA6,04/06/2020,09/06/2020,19817703000,Complementar/2019,22/06/2020,
14,DIVIDENDO,BRBRSRACNPB4,04/06/2020,09/06/2020,18016094000,Complementar/2019,22/06/2020,
15,REST CAP DIN,BRBRSRACNOR3,19/11/2018,23/11/2018,86382146000,Complementar/2018,30/11/2018,
16,REST CAP DIN,BRBRSRACNPA6,19/11/2018,23/11/2018,86382146000,Complementar/2018,30/11/2018,
17,REST CAP DIN,BRBRSRACNPB4,19/11/2018,23/11/2018,86382146000,Complementar/2018,30/11/2018,
