,Subscrição,Código ISIN,Deliberado em,Negócios com até,%,Ativo Emitido,Preço Emissão (R$),Negociação de Direitos,Subscrição até,Observações
0,SUBSCRICAO,BRBOBRACNOR6,10/06/2014,10/06/2014,12947452000000,BRBOBRDBM001,100000000000,20/06/2014 a 14/07/2014,21/07/2014,
1,SUBSCRICAO,BRBOBRACNPR3,10/06/2014,10/06/2014,12947452000000,BRBOBRDBM001,100000000000,20/06/2014 a 14/07/2014,21/07/2014,
2,PRIORIDADE SUBS,BRBOBRACNOR6,27/06/1997,27/06/1997,33000001117300,BRBOBRACNOR6,1100000000000,31/12/9999 a 01/07/1997,08/07/1997,
3,PRIORIDADE SUBS,BRBOBRACNPR3,27/06/1997,27/06/1997,32999999738600,BRBOBRACNPR3,1100000000000,31/12/9999 a 01/07/1997,08/07/1997,
