,Subscrição,Código ISIN,Deliberado em,Negócios com até,%,Ativo Emitido,Preço Emissão (R$),Negociação de Direitos,Subscrição até,Observações
0,SUBSCRICAO,BRRCSLACNOR4,22/11/2018,22/11/2018,139221510479000,BRRCSLACNOR4,135000000000,23/11/2018 a 17/12/2018,26/12/2018,
1,SUBSCRICAO,BRRCSLACNPR1,22/11/2018,22/11/2018,139221510479000,BRRCSLACNPR1,135000000000,23/11/2018 a 17/12/2018,26/12/2018,
2,PRIORIDADE SUBS,BRRCSLACNOR4,13/03/1998,13/03/1998,22435897437500,BRRCSLACNOR4,300000000000,31/12/9999 a 23/06/1998,30/06/1998,
3,PRIORIDADE SUBS,BRRCSLACNPR1,13/03/1998,13/03/1998,22435897437500,BRRCSLACNPR1,300000000000,31/12/9999 a 23/06/1998,30/06/1998,
