,Proventos,Código ISIN,Deliberado em,Negócios com até,% / Fator de Grupamento,Ativo Emitido,Observações
0,GRUPAMENTO,BRRCSLACNOR4,24/01/2018,24/01/2018,0.33333333334,BRRCSLACNOR4,
1,GRUPAMENTO,BRRCSLACNPR1,24/01/2018,24/01/2018,0.33333333334,BRRCSLACNPR1,
2,DESDOBRAMENTO,BRRCSLACNOR4,30/04/2010,30/04/2010,300.0,BRRCSLACNOR4,
3,DESDOBRAMENTO,BRRCSLACNPR1,30/04/2010,30/04/2010,300.0,BRRCSLACNPR1,
4,BONIFICACAO,BRRCSLACNOR4,03/04/1992,03/04/1992,900.0,BRRCSLACNOR4,
5,BONIFICACAO,BRRCSLACNPR1,03/04/1992,03/04/1992,900.0,BRRCSLACNPR1,
