,Proventos,Código ISIN,Deliberado em,Negócios com até,Valor (R$),Relativo a,Início de Pagamento,Observações
0,DIVIDENDO,BRKLBNACNOR2,05/02/2020,10/02/2020,436417970,Anual/2020,20/02/2020,
1,DIVIDENDO,BRKLBNACNPR9,05/02/2020,10/02/2020,436417970,Anual/2020,20/02/2020,
2,DIVIDENDO,BRKLBNCDAM18,05/02/2020,10/02/2020,2182089850,Anual/2020,20/02/2020,
3,JRS CAP PROPRIO,BRKLBNACNOR2,17/12/2019,20/12/2019,3794938081,Anual/2019,20/02/2020,
4,JRS CAP PROPRIO,BRKLBNACNPR9,17/12/2019,20/12/2019,3794938081,Anual/2019,20/02/2020,
5,JRS CAP PROPRIO,BRKLBNCDAM18,17/12/2019,20/12/2019,18974690405,Anual/2019,20/02/2020,
