,Proventos,Código ISIN,Deliberado em,Negócios com até,% / Fator de Grupamento,Ativo Emitido,Observações
0,DESDOBRAMENTO,BRSNSYACNOR2,27/07/2020,27/07/2020,3900.0,BRSNSYACNOR2,
1,DESDOBRAMENTO,BRSNSYACNPA5,27/07/2020,27/07/2020,3900.0,BRSNSYACNPA5,
2,DESDOBRAMENTO,BRSNSYACNPB3,27/07/2020,27/07/2020,3900.0,BRSNSYACNPB3,
3,GRUPAMENTO,BRSNSYACNOR2,28/03/2016,28/03/2016,0.01,BRSNSYACNOR2,
4,GRUPAMENTO,BRSNSYACNPA5,28/03/2016,28/03/2016,0.01,BRSNSYACNPA5,
5,GRUPAMENTO,BRSNSYACNPB3,28/03/2016,28/03/2016,0.01,BRSNSYACNPB3,
6,BONIFICACAO,BRSNSYACNOR2,30/01/1990,06/02/1990,1900.0,BRSNSYACNOR2,
7,BONIFICACAO,BRSNSYACNPB3,30/01/1990,06/02/1990,1900.0,BRSNSYACNPB3,
8,BONIFICACAO,BRSNSYACPPA0,30/01/1990,06/02/1990,1900.0,BRSNSYACPPA0,
