,Subscrição,Código ISIN,Deliberado em,Negócios com até,%,Ativo Emitido,Preço Emissão (R$),Negociação de Direitos,Subscrição até,Observações
0,SUBSCRICAO,BRSNSYACNOR2,31/01/1994,31/01/1994,14506033200000,BRSNSYACNOR2,198000000000000,01/01/1900 a 01/01/1900,02/03/1994,
1,SUBSCRICAO,BRSNSYACNOR2,31/01/1993,31/01/1994,3240924100000,BRSNSYACNPA5,440000000000,01/01/1900 a 01/01/1900,02/03/1994,
2,SUBSCRICAO,BRSNSYACNPA5,31/01/1994,31/01/1994,17746957300000,BRSNSYACNPA5,440000000000,01/01/1900 a 01/01/1900,02/03/1994,
3,SUBSCRICAO,BRSNSYACNPB3,31/01/1994,31/01/1994,17746957300000,BRSNSYACNPA5,440000000000,01/01/1900 a 01/01/1900,02/03/1994,
