,Proventos,Código ISIN,Deliberado em,Negócios com até,Valor (R$),Relativo a,Início de Pagamento,Observações
0,JRS CAP PROPRIO,BRBMEBACNOR8,10/02/2021,18/02/2021,77610800000,Anual/2020,05/03/2021,
1,JRS CAP PROPRIO,BRBMEBACNPR5,10/02/2021,18/02/2021,85371900000,Anual/2020,05/03/2021,
2,DIVIDENDO,BRBMEBACNOR8,03/08/2010,06/08/2010,19223700000,1º SEMESTRE/2010,31/08/2010,
3,DIVIDENDO,BRBMEBACNPR5,03/08/2010,06/08/2010,21146100000,1º SEMESTRE/2010,31/08/2010,
4,RENDIMENTO,BRBMEBACNPR5,29/06/2004,29/06/2004,12000000000,2 SEMESTRE/2003,08/07/2004,
