,Proventos,Código ISIN,Deliberado em,Negócios com até,Valor (R$),Relativo a,Início de Pagamento,Observações
0,DIVIDENDO,BRJOPAACNOR5,31/07/2020,31/07/2020,14371494900,ANUAL/2019,08/10/2020,
1,DIVIDENDO,BRJOPAACNOR5,31/07/2020,31/07/2020,14371494800,ANUAL/2019,11/02/2021,
2,DIVIDENDO,BRJOPAACNPR2,31/07/2020,31/07/2020,15808644300,ANUAL/2019,08/10/2020,
3,DIVIDENDO,BRJOPAACNPR2,31/07/2020,31/07/2020,15808644300,Anual/2019,31/12/2021,
4,JRS CAP PROPRIO,BRJOPAACNOR5,25/04/2006,19/05/2006,13940000000,2005,26/12/2006,
5,JRS CAP PROPRIO,BRJOPAACNPR2,25/04/2006,19/05/2006,15334000000,2005,26/12/2006,
