,Proventos,Código ISIN,Deliberado em,Negócios com até,% / Fator de Grupamento,Ativo Emitido,Observações
0,GRUPAMENTO,BRMNPRACNOR5,03/06/2016,03/06/2016,0.01,BRMNPRACNOR5,
1,DESDOBRAMENTO,BRMNPRACNOR5,05/04/2010,06/04/2010,200.0,BRMNPRACNOR5,
2,BONIFICACAO,BRMNPRA0NOR6,20/01/1995,20/01/1995,100.0,BRMNPRA0NOR6,
3,BONIFICACAO,BRMNPRA0NPR3,20/01/1995,20/01/1995,100.0,BRMNPRA0NPR3,
4,BONIFICACAO,BRMNPRACNOR5,20/01/1995,20/01/1995,100.0,BRMNPRA0NOR6,
5,BONIFICACAO,BRMNPRACNPR2,20/01/1995,20/01/1995,100.0,BRMNPRA0NPR3,
