,Proventos,Código ISIN,Deliberado em,Negócios com até,Valor (R$),Relativo a,Início de Pagamento,Observações
0,JRS CAP PROPRIO,BRBRIVACNOR6,21/01/2021,27/01/2021,503000000,2º SEMESTRE/2020,16/03/2021,
1,JRS CAP PROPRIO,BRBRIVACNPR3,21/01/2021,27/01/2021,30067000000,2º SEMESTRE/2020,16/03/2021,
2,JRS CAP PROPRIO,BRBRIVACNPR3,11/08/2020,14/08/2020,27795000000,1º Semestre/2020,05/10/2020,
3,DIVIDENDO,BRBRIVACNOR6,21/01/2014,21/01/2014,3269000000,2º SEMESTRE/2013,17/03/2014,
4,DIVIDENDO,BRBRIVACNPR3,21/01/2014,21/01/2014,17424000000,2º SEMESTRE/2013,17/03/2014,
