,Proventos,Código ISIN,Deliberado em,Negócios com até,% / Fator de Grupamento,Ativo Emitido,Observações
0,CIS RED CAP,BRBRIVACNOR6,18/08/1998,26/11/1998,100,BRRHPRACNOR6,
1,CIS RED CAP,BRBRIVACNOR6,18/08/1998,26/11/1998,100,BRBRIVACNOR6,
2,CIS RED CAP,BRBRIVACNPR3,18/08/1998,26/11/1998,100,BRRHPRACNPR3,
3,CIS RED CAP,BRBRIVACNPR3,18/08/1998,26/11/1998,100,BRBRIVACNPR3,
4,BONIFICACAO,BRBRIVACNOR6,28/08/1989,28/08/1989,200,BRBRIVACNOR6,
5,BONIFICACAO,BRBRIVACNPR3,28/08/1989,28/08/1989,200,BRBRIVACNPR3,
