,Subscrição,Código ISIN,Deliberado em,Negócios com até,%,Ativo Emitido,Preço Emissão (R$),Negociação de Direitos,Subscrição até,Observações
0,SUBSCRICAO,BRMAPTACNOR8,22/07/1997,04/09/1997,19112462707900,BRMAPTACNOR8,157000000000,05/09/1997 a 29/09/1997,06/10/1997,
1,SUBSCRICAO,BRMAPTACNOR8,05/08/1997,04/09/1997,50887537292000,BRMAPTACNOR8,157000000000,05/09/1997 a 29/09/1997,06/10/1997,
2,SUBSCRICAO,BRMAPTACNPR5,22/07/1997,04/09/1997,17583755436100,BRMAPTACNPR5,157000000000,05/09/1997 a 29/09/1997,06/10/1997,
3,SUBSCRICAO,BRMAPTACNPR5,22/07/1997,04/09/1997,1528707271800,BRMAPTACNOR8,157000000000,05/09/1997 a 29/09/1997,06/10/1997,
4,SUBSCRICAO,BRMAPTACNPR5,05/08/1997,04/09/1997,46817305776800,BRMAPTACNPR5,157000000000,05/09/1997 a 29/09/1997,06/10/1997,
5,SUBSCRICAO,BRMAPTACNPR5,05/08/1997,04/09/1997,4070231515200,BRMAPTACNOR8,157000000000,05/09/1997 a 29/09/1997,06/10/1997,
