,Proventos,Código ISIN,Deliberado em,Negócios com até,Valor (R$),Relativo a,Início de Pagamento,Observações
0,JRS CAP PROPRIO,BRRAPTACNOR7,15/12/2020,18/12/2020,15034000000,3º Trimestre/2020,20/01/2021,
1,JRS CAP PROPRIO,BRRAPTACNPR4,15/12/2020,18/12/2020,15034000000,3º Trimestre/2020,20/01/2021,
2,JRS CAP PROPRIO,BRRAPTACNOR7,12/08/2020,17/08/2020,9159000000,1º Semestre/2020,26/08/2020,
3,JRS CAP PROPRIO,BRRAPTACNPR4,12/08/2020,17/08/2020,9159000000,1º Semestre/2020,26/08/2020,
4,DIVIDENDO,BRRAPTACNOR7,30/04/2019,06/05/2019,8798886000,Anual/2018,15/05/2019,
5,DIVIDENDO,BRRAPTACNPR4,30/04/2019,06/05/2019,8798886000,Anual/2018,15/05/2019,
