,Proventos,Código ISIN,Deliberado em,Negócios com até,Valor (R$),Relativo a,Início de Pagamento,Observações
0,DIVIDENDO,BRBSLIACNOR5,11/02/2021,01/03/2021,4568386500,4º Trimestre/2020,09/03/2021,
1,DIVIDENDO,BRBSLIACNPR2,11/02/2021,01/03/2021,5025225100,4º Trimestre/2020,09/03/2021,
2,JRS CAP PROPRIO,BRBSLIACNOR5,10/12/2020,15/12/2020,32633415400,Anual/2020,23/12/2020,
3,JRS CAP PROPRIO,BRBSLIACNPR2,10/12/2020,15/12/2020,35896756900,Anual/2020,23/12/2020,
4,JRS CAP PROPRIO,BRBSLIACNOR5,12/11/2020,01/12/2020,81643071600,3º Trimestre/2020,09/12/2020,
5,JRS CAP PROPRIO,BRBSLIACNPR2,12/11/2020,01/12/2020,89807378800,3º Trimestre/2020,09/12/2020,
6,JRS CAP PROPRIO,BRBSLIACNOR5,19/08/2020,01/09/2020,59356090400,2º Trimestre/2020,09/09/2020,
7,JRS CAP PROPRIO,BRBSLIACNPR2,19/08/2020,01/09/2020,65291699400,2º Trimestre/2020,09/09/2020,
8,JRS CAP PROPRIO,BRBSLIACNOR5,14/05/2020,01/06/2020,68802330500,1º Trimestre/2020,09/06/2020,
9,JRS CAP PROPRIO,BRBSLIACNPR2,14/05/2020,01/06/2020,75682563600,1º Trimestre/2020,09/06/2020,
