,Proventos,Código ISIN,Deliberado em,Negócios com até,% / Fator de Grupamento,Ativo Emitido,Observações
0,DESDOBRAMENTO,BRBSLIACNOR5,03/08/2020,04/01/2021,900.0,BRBSLIACNOR5,
1,DESDOBRAMENTO,BRBSLIACNPR2,03/08/2020,04/01/2021,900.0,BRBSLIACNPR2,
2,GRUPAMENTO,BRBSLIACNOR5,29/04/2005,29/04/2005,0.001,BRBSLIACNOR5,
3,GRUPAMENTO,BRBSLIACNPR2,29/04/2005,29/04/2005,0.001,BRBSLIACNPR2,
4,BONIFICACAO,BRBSLIACNOR5,23/12/1994,26/12/1994,39900.0,BRBSLIACNOR5,
5,BONIFICACAO,BRBSLIACNPR2,23/12/1994,26/12/1994,39900.0,BRBSLIACNPR2,
