,Proventos,Código ISIN,Deliberado em,Negócios com até,Valor (R$),Relativo a,Início de Pagamento,Observações
0,DIVIDENDO,BRUSIMACNOR3,28/04/2020,28/04/2020,3950033600,Anual/2019,29/05/2020,
1,DIVIDENDO,BRUSIMACNPA6,28/04/2020,28/04/2020,4345036900,Anual/2019,29/05/2020,
2,DIVIDENDO,BRUSIMACNPB4,28/04/2020,28/04/2020,4345036900,Anual/2019,29/05/2020,
3,JRS CAP PROPRIO,BRUSIMACNOR3,27/06/2019,03/07/2019,1029412500,Anual/2018,15/07/2019,
4,JRS CAP PROPRIO,BRUSIMACNPA6,27/06/2019,03/07/2019,1132353800,Anual/2018,15/07/2019,
5,JRS CAP PROPRIO,BRUSIMACNPB4,27/06/2019,03/07/2019,1132353800,Anual/2018,15/07/2019,
