,Proventos,Código ISIN,Deliberado em,Negócios com até,% / Fator de Grupamento,Ativo Emitido,Observações
0,DESDOBRAMENTO,BRUSIMACNOR3,27/09/2010,27/09/2010,100.0,BRUSIMACNOR3,
1,DESDOBRAMENTO,BRUSIMACNPA6,27/09/2010,27/09/2010,100.0,BRUSIMACNPA6,
2,DESDOBRAMENTO,BRUSIMACNPB4,27/09/2010,27/09/2010,100.0,BRUSIMACNPB4,
3,BONIFICACAO,BRUSIMACNOR3,29/04/2008,29/04/2008,50.0,BRUSIMACNOR3,
4,BONIFICACAO,BRUSIMACNPA6,29/04/2008,29/04/2008,50.0,BRUSIMACNPA6,
5,BONIFICACAO,BRUSIMACNPB4,29/04/2008,29/04/2008,50.0,BRUSIMACNPB4,
6,GRUPAMENTO,BRUSIMA01OR4,29/01/1999,01/02/1999,0.005,BRUSIMA01OR4,
7,GRUPAMENTO,BRUSIMACNPB4,29/01/1999,01/02/1999,0.005,BRUSIMACNPB4,
