,Proventos,Código ISIN,Deliberado em,Negócios com até,Valor (R$),Relativo a,Início de Pagamento,Observações
0,DIVIDENDO,BRWHRLACNOR5,03/12/2020,08/12/2020,24513000000,3º Trimestre/2020,17/12/2020,
1,DIVIDENDO,BRWHRLACNPR2,03/12/2020,08/12/2020,26965000000,3º Trimestre/2020,17/12/2020,
2,DIVIDENDO,BRWHRLACNOR5,13/04/2020,16/04/2020,96762000000,Anual/2019,29/04/2020,
3,DIVIDENDO,BRWHRLACNPR2,13/04/2020,16/04/2020,106439000000,Anual/2019,29/04/2020,
4,JRS CAP PROPRIO,BRWHRLACNOR5,30/10/2012,30/10/2012,4776000000,2012,12/12/2012,
5,JRS CAP PROPRIO,BRWHRLACNPR2,30/10/2012,30/10/2012,5253000000,2012,12/12/2012,
