,Proventos,Código ISIN,Deliberado em,Negócios com até,Valor (R$),Relativo a,Início de Pagamento,Observações
0,JRS CAP PROPRIO,BRCEPEACNOR3,22/12/2020,06/01/2021,101473313050,Anual/2020,31/12/2021,
1,JRS CAP PROPRIO,BRCEPEACNPA6,22/12/2020,06/01/2021,101473313050,Anual/2020,31/12/2021,
2,JRS CAP PROPRIO,BRCEPEACNPB4,22/12/2020,06/01/2021,111620644360,Anual/2020,31/12/2021,
3,DIVIDENDO,BRCEPEACNOR3,30/07/2020,30/07/2020,100346281270,COMPLEMENTAR/2019,10/12/2020,
4,DIVIDENDO,BRCEPEACNPA6,30/07/2020,30/07/2020,100346281270,COMPLEMENTAR/2019,10/12/2020,
5,DIVIDENDO,BRCEPEACNPB4,30/07/2020,30/07/2020,110380909400,COMPLEMENTAR/2019,10/12/2020,
