,Proventos,Código ISIN,Deliberado em,Negócios com até,Valor (R$),Relativo a,Início de Pagamento,Observações
0,JRS CAP PROPRIO,BRCEEBACNOR3,22/12/2020,06/01/2021,97181811820,ANUAL/2020,18/03/2021,
1,JRS CAP PROPRIO,BRCEEBACNPA6,22/12/2020,06/01/2021,97181811820,ANUAL/2020,18/03/2021,
2,JRS CAP PROPRIO,BRCEEBACNPB4,22/12/2020,06/01/2021,106899993000,ANUAL/2020,18/03/2021,
3,DIVIDENDO,BRCEEBACNOR3,16/04/2019,16/04/2019,98556358090,ANUAL/2018,10/12/2019,
4,DIVIDENDO,BRCEEBACNPA6,16/04/2019,16/04/2019,98556358090,ANUAL/2018,10/12/2019,
5,DIVIDENDO,BRCEEBACNPB4,16/04/2019,16/04/2019,108411993900,ANUAL/2018,10/12/2019,
