,Proventos,Código ISIN,Deliberado em,Negócios com até,% / Fator de Grupamento,Ativo Emitido,Observações
0,GRUPAMENTO,BRCEEBACNOR3,06/11/2007,07/12/2007,0.01,BRCEEBACNOR3,
1,GRUPAMENTO,BRCEEBACNPA6,06/11/2007,07/12/2007,0.01,BRCEEBACNPA6,
2,GRUPAMENTO,BRCEEBACNPB4,06/11/2007,07/12/2007,0.01,BRCEEBACNPB4,
3,BONIFICACAO,BRCEEBACNOR3,29/11/2005,28/07/2006,100.0,BRAFLUACNOR9,
4,BONIFICACAO,BRCEEBACNPA6,29/11/2005,28/07/2006,100.0,BRAFLUACNPA2,
5,BONIFICACAO,BRCEEBACNPB4,29/11/2005,28/07/2006,100.0,BRAFLUACNPB0,
