,Proventos,Código ISIN,Deliberado em,Negócios com até,% / Fator de Grupamento,Ativo Emitido,Observações
0,BONIFICACAO,BRSHULACNOR7,04/12/2018,04/12/2018,40.0,BRSHULACNOR7,
1,BONIFICACAO,BRSHULACNPR4,04/12/2018,04/12/2018,40.0,BRSHULACNPR4,
2,DESDOBRAMENTO,BRSHULACNOR7,02/12/2010,02/12/2010,400.0,BRSHULACNOR7,
3,DESDOBRAMENTO,BRSHULACNPR4,02/12/2010,02/12/2010,400.0,BRSHULACNPR4,
4,GRUPAMENTO,BRSHULACNOR7,25/04/2007,25/04/2007,0.01,BRSHULACNOR7,
5,GRUPAMENTO,BRSHULACNPR4,25/04/2007,25/04/2007,0.01,BRSHULACNPR4,
