,Proventos,Código ISIN,Deliberado em,Negócios com até,Valor (R$),Relativo a,Início de Pagamento,Observações
0,JRS CAP PROPRIO,BRSHULACNOR7,21/12/2020,28/12/2020,6163718800,Complementar/2020,31/03/2021,
1,JRS CAP PROPRIO,BRSHULACNPR4,21/12/2020,28/12/2020,6780090700,Complementar/2020,31/03/2021,
2,JRS CAP PROPRIO,BRSHULACNOR7,12/11/2020,17/11/2020,7070711400,Complementar/2020,26/02/2021,
3,JRS CAP PROPRIO,BRSHULACNPR4,12/11/2020,17/11/2020,7777782500,Complementar/2020,26/02/2021,
4,JRS CAP PROPRIO,BRSHULACNOR7,25/09/2020,30/09/2020,9815562900,Anual/2020,21/10/2020,
5,JRS CAP PROPRIO,BRSHULACNPR4,25/09/2020,30/09/2020,10797119200,Anual/2020,21/10/2020,
6,DIVIDENDO,BRSHULACNOR7,24/06/2020,29/06/2020,5111366900,Anual/2019,31/07/2020,
7,DIVIDENDO,BRSHULACNPR4,24/06/2020,29/06/2020,5622503600,Anual/2019,31/07/2020,
