,Subscrição,Código ISIN,Deliberado em,Negócios com até,%,Ativo Emitido,Preço Emissão (R$),Negociação de Direitos,Subscrição até,Observações
0,SUBSCRICAO,BRHGTXACNOR9,31/08/1999,31/08/1999,6869931309900,BRHGTXACNPR6,40000000000,15/09/1999 a 06/10/1999,14/10/1999,
1,SUBSCRICAO,BRHGTXACNOR9,31/08/1999,31/08/1999,10493072524900,BRHGTXACNOR9,40000000000,15/09/1999 a 06/10/1999,14/10/1999,
2,PRIORIDADE SUBS,BRHGTXACNOR9,04/12/1996,04/12/1996,1409392169900,BRHGTXACNOR9,195000000000,01/01/1900 a 01/01/1900,03/01/1997,
3,PRIORIDADE SUBS,BRHGTXACNOR9,04/12/1996,04/12/1996,1767232560900,BRHGTXACNPR6,195000000000,31/12/9999 a 23/12/1996,03/01/1997,
4,PRIORIDADE SUBS,BRHGTXACNPR6,04/12/1996,04/12/1996,3176624730800,BRHGTXACNPR6,195000000000,31/12/9999 a 23/12/1996,03/01/1997,
