,Subscrição,Código ISIN,Deliberado em,Negócios com até,%,Ativo Emitido,Preço Emissão (R$),Negociação de Direitos,Subscrição até,Observações
0,SUBS C/ RENUNC,BRCMSAACNOR8,12/02/2021,12/02/2021,775699189520,BRCMSAACNOR8,2014340000,31/12/9999 a 11/02/2021,18/02/2021,
1,SUBS C/ RENUNC,BRCMSAACNPR5,12/02/2021,12/02/2021,775704037738,BRCMSAACNPR5,2014340000,31/12/9999 a 11/02/2021,18/02/2021,
2,SUBSCRICAO,BRCMSAACNOR8,22/01/2016,27/01/2016,937000000000,BRCMSAACNOR8,100000000000,31/12/9999 a 22/01/2016,01/02/2016,
3,SUBSCRICAO,BRCMSAACNPR5,22/01/2016,27/01/2016,937000000000,BRCMSAACNPR5,100000000000,31/12/9999 a 22/01/2016,01/02/2016,
