,Proventos,Código ISIN,Deliberado em,Negócios com até,Valor (R$),Relativo a,Início de Pagamento,Observações
0,DIVIDENDO,BRCOCEACNOR0,28/04/2020,28/04/2020,212371322000,ANUAL/2019,18/12/2020,
1,DIVIDENDO,BRCOCEACNPA3,28/04/2020,28/04/2020,212371322000,ANUAL/2019,18/12/2020,
2,DIVIDENDO,BRCOCEACNPB1,28/04/2020,28/04/2020,212371322000,ANUAL/2019,18/12/2020,
3,JRS CAP PROPRIO,BRCOCEACNOR0,28/11/2006,28/11/2006,36927479500,2006,31/05/2007,
4,JRS CAP PROPRIO,BRCOCEACNPA3,28/11/2006,28/11/2006,36927479500,2006,31/05/2007,
5,JRS CAP PROPRIO,BRCOCEACNPB1,28/11/2006,28/11/2006,36927479500,2006,31/05/2007,
6,REST CAP DIN,BRCOCEACNOR0,29/04/2003,29/04/2003,751821483000,2002,27/06/2003,
7,REST CAP DIN,BRCOCEACNPA3,29/04/2003,29/04/2003,751821483000,2002,27/06/2003,
8,REST CAP DIN,BRCOCEACNPB1,29/04/2003,29/04/2003,751821483000,2002,27/06/2003,
