,Proventos,Código ISIN,Deliberado em,Negócios com até,% / Fator de Grupamento,Ativo Emitido,Observações
0,GRUPAMENTO,BRCOCEACNOR0,30/04/2007,01/06/2007,0.0005,BRCOCEACNOR0,
1,GRUPAMENTO,BRCOCEACNPA3,30/04/2007,01/06/2007,0.0005,BRCOCEACNPA3,
2,GRUPAMENTO,BRCOCEACNPB1,30/04/2007,01/06/2007,0.0005,BRCOCEACNPB1,
3,DESDOBRAMENTO,BRCOCEACNOR0,29/04/2003,29/04/2003,3.23,BRCOCEACNOR0,
4,DESDOBRAMENTO,BRCOCEACNPA3,29/04/2003,29/04/2003,3.23,BRCOCEACNPA3,
5,DESDOBRAMENTO,BRCOCEACNPB1,29/04/2003,29/04/2003,3.23,BRCOCEACNPB1,
