,Proventos,Código ISIN,Deliberado em,Negócios com até,Valor (R$),Relativo a,Início de Pagamento,Observações
0,JRS CAP PROPRIO,BRLTELACNOR1,26/02/2021,03/03/2021,4362042000,3º Trimestre/2020,31/12/9999,
1,JRS CAP PROPRIO,BRLTELACNOR1,30/12/2020,06/01/2021,7192728800,3º Trimestre/2020,31/12/9999,
2,JRS CAP PROPRIO,BRLTELACNOR1,30/09/2020,05/10/2020,24269659200,2º Trimestre/2020,07/10/2020,
3,DIVIDENDO,BRLTELACNOR1,28/04/2017,04/05/2017,180363794800,COMPLEMENTARES/2016,31/12/9999,
4,RENDIMENTO,BRLTELACNOR1,28/04/2017,04/05/2017,151126800,ANUAL/2016,31/12/9999,
5,DIVIDENDO,BRLTELACNPA4,28/04/2017,04/05/2017,180363794800,ANUAL/2016,31/12/9999,
6,RENDIMENTO,BRLTELACNPA4,28/04/2017,04/05/2017,151126800,ANUAL/2016,31/12/9999,
7,DIVIDENDO,BRLTELARNPB0,28/04/2017,04/05/2017,180363794800,ANUAL/2016,31/12/9999,
8,RENDIMENTO,BRLTELARNPB0,28/04/2017,04/05/2017,151126800,ANUAL/2016,31/12/9999,
