,Subscrição,Código ISIN,Deliberado em,Negócios com até,%,Ativo Emitido,Preço Emissão (R$),Negociação de Direitos,Subscrição até,Observações
0,SUBSCRICAO,BRBDLLACPOR6,11/07/1977,16/08/1977,6838800000000,BRBDLLACPOR6,200000000000,01/01/1900 a 01/01/1900,16/08/1977,
1,SUBSCRICAO,BRBDLLACPPR3,11/07/1977,16/08/1977,6838800000000,BRBDLLACPPR3,200000000000,01/01/1900 a 01/01/1900,16/08/1977,
2,SUBSCRICAO,BRBDLLACNOR1,11/07/1977,14/07/1977,6838800000000,BRBDLLACNOR1,200000000000,01/01/1900 a 01/01/1900,31/12/9999,
3,SUBSCRICAO,BRBDLLACNPR8,11/07/1977,14/07/1977,6838800000000,BRBDLLACNPR8,200000000000,01/01/1900 a 01/01/1900,31/12/9999,
4,SUBSCRICAO,BRBDLLACPOR6,28/10/1976,30/11/1976,2000000000000,BRBDLLACPOR6,30000000000,01/01/1900 a 01/01/1900,30/11/1976,
5,SUBSCRICAO,BRBDLLACPPR3,28/10/1976,30/11/1976,2000000000000,BRBDLLACPPR3,30000000000,01/01/1900 a 01/01/1900,30/11/1976,
6,SUBSCRICAO,BRBDLLACNOR1,28/10/1976,29/10/1976,2000000000000,BRBDLLACNOR1,30000000000,01/01/1900 a 01/01/1900,31/12/9999,
7,SUBSCRICAO,BRBDLLACNPR8,28/10/1976,29/10/1976,2000000000000,BRBDLLACNPR8,30000000000,01/01/1900 a 01/01/1900,31/12/9999,
