,Proventos,Código ISIN,Deliberado em,Negócios com até,% / Fator de Grupamento,Ativo Emitido,Observações
0,GRUPAMENTO,BRBDLLACNOR1,21/04/1987,23/05/1988,1.0,BRBDLLACNOR1,
1,GRUPAMENTO,BRBDLLACNPR8,21/04/1987,23/05/1988,1.0,BRBDLLACNPR8,
2,GRUPAMENTO,BRBDLLACPOR6,21/04/1987,23/05/1988,0.001,BRBDLLACPOR6,
3,GRUPAMENTO,BRBDLLACPPR3,21/04/1987,23/05/1988,0.001,BRBDLLACPPR3,
4,BONIFICACAO,BRBDLLACPOR6,29/10/1981,05/02/1982,100.0,BRBDLLACPOR6,
5,BONIFICACAO,BRBDLLACPPR3,29/10/1981,05/02/1982,100.0,BRBDLLACPPR3,
6,BONIFICACAO,BRBDLLACNOR1,29/10/1981,30/12/1981,100.0,BRBDLLACNOR1,
7,BONIFICACAO,BRBDLLACNPR8,29/10/1981,30/12/1981,100.0,BRBDLLACNPR8,
