,Proventos,Código ISIN,Deliberado em,Negócios com até,Valor (R$),Relativo a,Início de Pagamento,Observações
0,DIVIDENDO,BRENGIACNOR0,11/03/2021,19/03/2021,22000000000,Complementar/2020,30/03/2021,
1,DIVIDENDO,BRENGIACNPR7,11/03/2021,19/03/2021,22000000000,Complementar/2020,30/03/2021,
2,DIVIDENDO,BRENGICDAM16,11/03/2021,19/03/2021,110000000000,Complementar/2020,30/03/2021,
3,DIVIDENDO,BRENGIACNOR0,13/08/2020,18/08/2020,5600000000,2º Trimestre/2020,26/08/2020,
4,DIVIDENDO,BRENGIACNPR7,13/08/2020,18/08/2020,5600000000,2º Trimestre/2020,26/08/2020,
5,DIVIDENDO,BRENGICDAM16,13/08/2020,18/08/2020,28000000000,2º Trimestre/2020,26/08/2020,
