,Proventos,Código ISIN,Deliberado em,Negócios com até,% / Fator de Grupamento,Ativo Emitido,Observações
0,DESDOBRAMENTO,BRBALMACNOR5,30/04/2014,30/04/2014,900.0,BRBALMACNOR5,
1,DESDOBRAMENTO,BRBALMACNPR2,30/04/2014,30/04/2014,900.0,BRBALMACNPR2,
2,GRUPAMENTO,BRBALMACNOR5,29/04/2005,27/05/2005,0.001,BRBALMACNOR5,
3,GRUPAMENTO,BRBALMACNPR2,29/04/2005,27/05/2005,0.001,BRBALMACNPR2,
4,BONIFICACAO,BRBALMACPOR0,29/04/1991,27/06/1991,351900.0,BRBALMACNOR5,
5,BONIFICACAO,BRBALMACPPR7,29/04/1991,27/06/1991,351900.0,BRBALMACNPR2,
