,Proventos,Código ISIN,Deliberado em,Negócios com até,Valor (R$),Relativo a,Início de Pagamento,Observações
0,DIVIDENDO,BRBALMACNOR5,31/07/2020,05/08/2020,6500000000,Anual/2019,17/09/2020,
1,DIVIDENDO,BRBALMACNOR5,31/07/2020,05/08/2020,6500000000,Anual/2019,16/10/2020,
2,DIVIDENDO,BRBALMACNOR5,31/07/2020,05/08/2020,6500000000,Anual/2019,17/11/2020,
3,DIVIDENDO,BRBALMACNOR5,31/07/2020,05/08/2020,6500000000,Anual/2019,16/03/2021,
4,DIVIDENDO,BRBALMACNPR2,31/07/2020,05/08/2020,6500000000,Anual/2019,17/09/2020,
5,DIVIDENDO,BRBALMACNPR2,31/07/2020,05/08/2020,6500000000,Anual/2019,16/10/2020,
6,DIVIDENDO,BRBALMACNPR2,31/07/2020,05/08/2020,6500000000,Anual/2019,17/11/2020,
7,DIVIDENDO,BRBALMACNPR2,31/07/2020,05/08/2020,6500000000,Anual/2019,16/03/2021,
8,JRS CAP PROPRIO,BRBALMACNOR5,15/12/2015,30/12/2015,12000000000,Anual/2015,31/05/2016,
9,JRS CAP PROPRIO,BRBALMACNPR2,15/12/2015,30/12/2015,12000000000,Anual/2015,31/05/2016,
