,Proventos,Código ISIN,Deliberado em,Negócios com até,Valor (R$),Relativo a,Início de Pagamento,Observações
0,DIVIDENDO,BRCGASACNOR0,02/02/2021,05/02/2021,82511400094,Anual/2021,17/02/2021,
1,DIVIDENDO,BRCGASACNOR0,02/02/2021,05/02/2021,28282619436,Anual/2021,17/02/2021,
2,DIVIDENDO,BRCGASACNPA3,02/02/2021,05/02/2021,90762540104,Anual/2021,17/02/2021,
3,DIVIDENDO,BRCGASACNPA3,02/02/2021,05/02/2021,31110881379,Anual/2021,17/02/2021,
4,DIVIDENDO,BRCGASACNOR0,04/12/2020,09/12/2020,718065960243,Anual/2020,18/12/2020,
5,JRS CAP PROPRIO,BRCGASACNOR0,04/12/2020,09/12/2020,20560836620,Anual/2020,18/12/2020,
6,DIVIDENDO,BRCGASACNPA3,04/12/2020,09/12/2020,789872556267,Anual/2020,18/12/2020,
7,JRS CAP PROPRIO,BRCGASACNPA3,04/12/2020,09/12/2020,22616920282,Anual/2020,18/12/2020,
8,REST CAP DIN,BRCGASACNOR0,04/12/2019,09/12/2019,1131899604398,Anual/2019,27/12/2019,
9,REST CAP DIN,BRCGASACNPA3,04/12/2019,09/12/2019,1131899604398,Anual/2019,27/12/2019,
