,Subscrição,Código ISIN,Deliberado em,Negócios com até,%,Ativo Emitido,Preço Emissão (R$),Negociação de Direitos,Subscrição até,Observações
0,SUBSCRICAO,BRGFSAACNOR3,07/08/2020,20/08/2020,4871550395808,BRGFSAACNOR3,410000000000,24/08/2020 a 16/09/2020,21/09/2020,
1,SUBSCRICAO,BRGFSAACNOR3,30/04/2020,14/05/2020,6389889327400,BRGFSAACNOR3,410000000000,15/05/2020 a 09/06/2020,15/06/2020,
2,SUBSCRICAO,BRGFSAACNOR3,30/04/2020,14/05/2020,56368900,BRGFSADBO004,5000000000000000,15/05/2020 a 09/06/2020,15/06/2020,
3,SUBSCRICAO,BRGFSAACNOR3,30/04/2020,14/05/2020,28142200,BRGFSADBO012,10000000000000000,15/05/2020 a 09/06/2020,15/06/2020,
