,Proventos,Código ISIN,Deliberado em,Negócios com até,Valor (R$),Relativo a,Início de Pagamento,Observações
0,DIVIDENDO,BREQMAACNOR8,10/12/2020,15/12/2020,206000000000,3º Trimestre/2020,23/12/2020,
1,DIVIDENDO,BREQMAACNOR8,10/12/2020,15/12/2020,54000000000,3º Trimestre/2020,23/12/2020,
2,DIVIDENDO,BREQMAACNPA1,10/12/2020,15/12/2020,206000000000,3º Trimestre/2020,23/12/2020,
3,DIVIDENDO,BREQMAACNPA1,10/12/2020,15/12/2020,54000000000,3º Trimestre/2020,23/12/2020,
4,DIVIDENDO,BREQMAACNPB9,10/12/2020,15/12/2020,206000000000,3º Trimestre/2020,23/12/2020,
5,DIVIDENDO,BREQMAACNPB9,10/12/2020,15/12/2020,54000000000,3º Trimestre/2020,23/12/2020,
6,DIVIDENDO,BREQMAACNOR8,29/05/2020,29/05/2020,31000000000,ANUAL/2019,24/06/2020,
7,DIVIDENDO,BREQMAACNPA1,29/05/2020,29/05/2020,80000000000,ANUAL/2019,24/06/2020,
8,DIVIDENDO,BREQMAACNPB9,29/05/2020,29/05/2020,133000000000,ANUAL/2019,24/06/2020,
