,Proventos,Código ISIN,Deliberado em,Negócios com até,Valor (R$),Relativo a,Início de Pagamento,Observações
0,JRS CAP PROPRIO,BRUPKPACNOR8,22/12/2020,28/12/2020,5631519406,3º Trimestre/2020,31/12/9999,
1,DIVIDENDO,BRUPKPACNOR8,29/04/2020,05/05/2020,2716588527,Complementar/2019,15/05/2020,
2,DIVIDENDO,BRUPKPACNOR8,29/04/2020,05/05/2020,4686893187,Complementar/2019,15/05/2020,
3,RENDIMENTO,BRUPKPACNOR8,26/04/2017,02/05/2017,42044300,2016,10/05/2017,
4,REST CAP DIN,BRUPKPACNOR8,17/06/2004,17/06/2004,5320000000,2003,31/12/9999,
