,Subscrição,Código ISIN,Deliberado em,Negócios com até,%,Ativo Emitido,Preço Emissão (R$),Negociação de Direitos,Subscrição até,Observações
0,SUBSCRICAO,BRCASNACNOR6,17/11/2020,20/11/2020,647772662600,BRCASNACNOR6,117783973700,23/11/2020 a 17/12/2020,22/12/2020,
1,SUBSCRICAO,BRCASNACNPR3,17/11/2020,20/11/2020,644167083100,BRCASNACNPR3,117783973700,23/11/2020 a 17/12/2020,22/12/2020,
2,SUBSCRICAO,BRCASNACNPR3,17/11/2020,20/11/2020,3605579500,BRCASNACNOR6,117783973700,23/11/2020 a 17/12/2020,22/12/2020,
3,SUBSCRICAO,BRCASNACNOR6,22/05/2020,05/06/2020,687960244100,BRCASNACNOR6,117783973700,08/06/2020 a 02/07/2020,07/07/2020,
4,SUBSCRICAO,BRCASNACNPR3,22/05/2020,05/06/2020,678447486500,BRCASNACNPR3,117783973700,08/06/2020 a 02/07/2020,07/07/2020,
5,SUBSCRICAO,BRCASNACNPR3,22/05/2020,05/06/2020,9512757600,BRCASNACNOR6,117783973700,08/06/2020 a 02/07/2020,07/07/2020,
