,Proventos,Código ISIN,Deliberado em,Negócios com até,% / Fator de Grupamento,Ativo Emitido,Observações
0,INCORPORACAO,BREBENACNOR0,29/04/2005,12/07/2005,0.0945248,BRENBRACNOR2,
1,INCORPORACAO,BREBENACNPR7,29/04/2005,12/07/2005,0.0945248,BRENBRACNOR2,
2,CIS RED CAP,BREBENACNOR0,01/10/2001,29/04/2002,100.0,BRCPFPACNOR6,
3,CIS RED CAP,BREBENACNOR0,01/10/2001,29/04/2002,100.0,BREBENACNOR0,
4,CIS RED CAP,BREBENACNPR7,01/10/2001,29/04/2002,100.0,BRCPFPACNPR3,
5,CIS RED CAP,BREBENACNPR7,01/10/2001,29/04/2002,100.0,BREBENACNPR7,
