,Proventos,Código ISIN,Deliberado em,Negócios com até,Valor (R$),Relativo a,Início de Pagamento,Observações
0,DIVIDENDO,BREMAEACNOR4,29/12/2020,05/01/2021,565701977900,Anual/2020,29/01/2021,
1,DIVIDENDO,BREMAEACNPR1,29/12/2020,05/01/2021,622272175700,Anual/2020,29/01/2021,
2,JRS CAP PROPRIO,BREMAEACNOR4,09/12/2020,14/12/2020,96025724600,Anual/2020,30/12/2020,
3,JRS CAP PROPRIO,BREMAEACNPR1,09/12/2020,14/12/2020,105628297000,Anual/2020,30/12/2020,
4,DIVIDENDO,BREMAEACNOR4,23/04/2020,23/04/2020,35309090000,ANUAL/2019,25/05/2020,
5,DIVIDENDO,BREMAEACNPR1,23/04/2020,23/04/2020,38840000000,ANUAL/2019,25/05/2020,
