,Proventos,Código ISIN,Deliberado em,Negócios com até,Valor (R$),Relativo a,Início de Pagamento,Observações
0,JRS CAP PROPRIO,BRVIVTACNOR0,12/02/2021,26/02/2021,8889560697,Mensal/2021,31/07/2022,
1,DIVIDENDO,BRVIVTACNOR0,11/12/2020,28/12/2020,71082712945,4º TRIMESTRE/2020,05/10/2021,
2,JRS CAP PROPRIO,BRVIVTACNOR0,11/12/2020,28/12/2020,15401254471,4º TRIMESTRE/2020,13/07/2021,
3,JRS CAP PROPRIO,BRVIVTACNOR0,16/11/2020,27/11/2020,23690212973,MENSAL/2020,13/07/2021,
4,JRS CAP PROPRIO,BRVIVTACNOR0,17/09/2020,28/09/2020,36098521785,3º TRIMESTRE/2020,13/07/2021,
5,JRS CAP PROPRIO,BRVIVTACNPR7,17/09/2020,28/09/2020,39708373964,3º TRIMESTRE/2020,13/07/2021,
6,JRS CAP PROPRIO,BRVIVTACNOR0,17/06/2020,30/06/2020,49982568626,2º TRIMESTRE/2020,13/07/2021,
7,JRS CAP PROPRIO,BRVIVTACNPR7,17/06/2020,30/06/2020,54980825489,2º TRIMESTRE/2020,13/07/2021,
8,DIVIDENDO,BRVIVTACNOR0,28/05/2020,28/05/2020,121933883495,Anual/2019,09/12/2020,
9,DIVIDENDO,BRVIVTACNPR7,28/05/2020,28/05/2020,134127271844,Anual/2019,09/12/2020,
10,JRS CAP PROPRIO,BRVIVTACNOR0,19/03/2020,31/03/2020,8330428104,1º TRIMESTRE/2020,13/07/2021,
11,JRS CAP PROPRIO,BRVIVTACNPR7,19/03/2020,31/03/2020,9163470914,1º TRIMESTRE/2020,13/07/2021,
