,Subscrição,Código ISIN,Deliberado em,Negócios com até,%,Ativo Emitido,Preço Emissão (R$),Negociação de Direitos,Subscrição até,Observações
0,SUBS C/ RENUNC,BRBFREACNOR8,30/12/2014,30/12/2014,130588235294000,BRBFREACNOR8,15015015015100000,31/12/9999 a 26/12/2014,06/01/2015,
1,SUBS C/ RENUNC,BRBFREARNPA9,30/12/2014,30/12/2014,130434782608000,BRBFREARNPA9,15015015015100000,31/12/9999 a 26/12/2014,06/01/2015,
2,SUBS C/ RENUNC,BRBFREARNPA9,30/12/2014,30/12/2014,153452686000,BRBFREARNPB7,15015015015100000,31/12/9999 a 26/12/2014,06/01/2015,
3,SUBS C/ RENUNC,BRBFREARNPB7,30/12/2014,30/12/2014,130588235294000,BRBFREARNPB7,15015015015100000,31/12/9999 a 26/12/2014,06/01/2015,
4,SUBSCRICAO,BRBFREACNOR8,29/12/2009,29/12/2008,64533672472,BRBFREACNOR8,166543600000,31/12/9999 a 23/12/2008,05/01/2009,
