,Proventos,Código ISIN,Deliberado em,Negócios com até,Valor (R$),Relativo a,Início de Pagamento,Observações
0,DIVIDENDO,BRMRSAACNOR6,27/11/2020,27/11/2020,33659343080,ANUAL/2019,16/12/2020,
1,DIVIDENDO,BRMRSAACNPA9,27/11/2020,27/11/2020,37025277396,ANUAL/2019,16/12/2020,
2,DIVIDENDO,BRMRSAACNPB7,27/11/2020,27/11/2020,37025277396,ANUAL/2019,16/12/2020,
3,DIVIDENDO,BRMRSAACNOR6,17/06/2020,17/06/2020,33659343087,ANUAL/2019,16/12/2020,
4,DIVIDENDO,BRMRSAACNPA9,17/06/2020,17/06/2020,37025277396,ANUAL/2019,16/12/2020,
5,DIVIDENDO,BRMRSAACNPB7,17/06/2020,17/06/2020,37025277396,ANUAL/2019,16/12/2020,
