,Proventos,Código ISIN,Deliberado em,Negócios com até,Valor (R$),Relativo a,Início de Pagamento,Observações
0,JRS CAP PROPRIO,BRCSRNACNOR0,22/12/2020,06/01/2021,29523554260,Anual/2020,31/12/2021,
1,JRS CAP PROPRIO,BRCSRNACNPA3,22/12/2020,06/01/2021,32475909680,Anual/2020,31/12/2021,
2,JRS CAP PROPRIO,BRCSRNACNPB1,22/12/2020,06/01/2021,32475909680,Anual/2020,31/12/2021,
3,DIVIDENDO,BRCSRNACNOR0,31/07/2020,31/07/2020,2579798050,ANUAL/2019,10/12/2020,
4,DIVIDENDO,BRCSRNACNPA3,31/07/2020,31/07/2020,2837777860,ANUAL/2019,10/12/2020,
5,DIVIDENDO,BRCSRNACNPB1,31/07/2020,31/07/2020,2837777860,ANUAL/2019,10/12/2020,
