,Proventos,Código ISIN,Deliberado em,Negócios com até,Valor (R$),Relativo a,Início de Pagamento,Observações
0,DIVIDENDO,BREQPAACNOR1,10/12/2020,15/12/2020,17000000000,3º Trimestre/2020,23/12/2020,
1,DIVIDENDO,BREQPAACNOR1,10/12/2020,15/12/2020,3000000000,3º Trimestre/2020,23/12/2020,
2,DIVIDENDO,BREQPAACNPA4,10/12/2020,15/12/2020,17000000000,3º Trimestre/2020,23/12/2020,
3,DIVIDENDO,BREQPAACNPA4,10/12/2020,15/12/2020,3000000000,3º Trimestre/2020,23/12/2020,
4,DIVIDENDO,BREQPAACNPB2,10/12/2020,15/12/2020,17000000000,3º Trimestre/2020,23/12/2020,
5,DIVIDENDO,BREQPAACNPB2,10/12/2020,15/12/2020,3000000000,3º Trimestre/2020,23/12/2020,
6,DIVIDENDO,BREQPAACNPC0,10/12/2020,15/12/2020,17000000000,3º Trimestre/2020,23/12/2020,
7,DIVIDENDO,BREQPAACNPC0,10/12/2020,15/12/2020,3000000000,3º Trimestre/2020,23/12/2020,
8,DIVIDENDO,BREQPAACNOR1,29/05/2020,29/05/2020,8000000000,ANUAL/2019,24/06/2020,
9,DIVIDENDO,BREQPAACNPA4,29/05/2020,29/05/2020,5000000000,ANUAL/2019,24/06/2020,
10,DIVIDENDO,BREQPAACNPB2,29/05/2020,29/05/2020,8000000000,ANUAL/2019,24/06/2020,
11,DIVIDENDO,BREQPAACNPC0,29/05/2020,29/05/2020,8000000000,ANUAL/2019,24/06/2020,
