,Proventos,Código ISIN,Deliberado em,Negócios com até,% / Fator de Grupamento,Ativo Emitido,Observações
0,DESDOBRAMENTO,BRTRPLACNOR4,04/04/2019,04/04/2019,300.0,BRTRPLACNOR4,
1,DESDOBRAMENTO,BRTRPLACNPR1,04/04/2019,04/04/2019,300.0,BRTRPLACNPR1,
2,RESG TOTAL RV,BRTRPLR04OR3,12/11/2012,14/11/2012,100.0,,
3,RESG TOTAL RV,BRTRPLR04PR0,12/11/2012,14/11/2012,100.0,,
4,GRUPAMENTO,BRTRPLACNOR4,12/07/2007,13/08/2007,0.001,BRTRPLACNOR4,
5,GRUPAMENTO,BRTRPLACNPR1,12/07/2007,13/08/2007,0.001,BRTRPLACNPR1,
