,Proventos,Código ISIN,Deliberado em,Negócios com até,Valor (R$),Relativo a,Início de Pagamento,Observações
0,DIVIDENDO,BRTRPLACNOR4,22/02/2021,25/02/2021,80615600000,Anual/2020,21/05/2021,
1,DIVIDENDO,BRTRPLACNPR1,22/02/2021,25/02/2021,80615600000,Anual/2020,21/05/2021,
2,DIVIDENDO,BRTRPLACNOR4,11/12/2020,16/12/2020,17605500000,3º Trimestre/2020,18/01/2021,
3,JRS CAP PROPRIO,BRTRPLACNOR4,11/12/2020,16/12/2020,66149400000,3º Trimestre/2020,18/01/2021,
4,DIVIDENDO,BRTRPLACNPR1,11/12/2020,16/12/2020,17605500000,3º Trimestre/2020,18/01/2021,
5,JRS CAP PROPRIO,BRTRPLACNPR1,11/12/2020,16/12/2020,66149400000,3º Trimestre/2020,18/01/2021,
6,DIVIDENDO,BRTRPLACNOR4,29/10/2020,04/11/2020,52209500000,3º Trimestre/2020,13/11/2020,
7,DIVIDENDO,BRTRPLACNPR1,29/10/2020,04/11/2020,52209500000,3º Trimestre/2020,13/11/2020,
8,DIVIDENDO,BRTRPLACNOR4,01/07/2020,06/07/2020,15177200000,2º Trimestre/2020,16/07/2020,
9,DIVIDENDO,BRTRPLACNPR1,01/07/2020,06/07/2020,15177200000,2º Trimestre/2020,16/07/2020,
10,JRS CAP PROPRIO,BRTRPLACNOR4,13/04/2020,16/04/2020,22816400000,1º Trimestre/2020,29/04/2020,
11,JRS CAP PROPRIO,BRTRPLACNPR1,13/04/2020,16/04/2020,22816400000,1º Trimestre/2020,29/04/2020,
